quantity,estimate,std_error,t_stat,p_value,ci_low,ci_high,n,r_squared
ai_user_unadjusted,0.1039690488460171,0.03223207748065952,3.225639082941598,0.0012585789653825007,0.04079219311866153,0.16714590457337267,24318,0.0004277141485312663
ai_user_adjusted_main,0.15073762126248536,0.032581835281391615,4.626431260260399,3.739396826555612e-06,0.08687521479135801,0.2146000277336127,24318,0.02069386994604394
workexp_adjusted_main,0.02017175591365707,0.0013109555479538066,15.387063234250755,3.5637493172369346e-53,0.017602202193126762,0.022741309634187377,24318,0.02069386994604394
ai_freq_score_adjusted,0.059139701006699706,0.008889800957489044,6.652533761948695,2.942150593549598e-11,0.041715142896591485,0.07656425911680792,24318,0.0216136891095835
ai_user_experienced_gt5y,0.1858590417896779,0.03622039579465187,5.1313365774186535,2.906359746842547e-07,0.11486367000695921,0.2568544135723966,18313,0.018434468470908794
